accession,dna_seq,protein_seq, organism, strain
JN201888.1,ATGGGCAAATCGCTAATCATCGTAGAATCGCCGGCCAAGATTAAGACACTGAGAAAATTCTTAGGCGCCAACTACATTTTTGAATCGTCTGTCGGTCACATCAGGGATCTGCCTGAAAGTGAATTCGGCATCGCCATCGATAATGACTTCGAACCAAGTTACACCATTTTGAAAGACAAAAAGAAGGTGTGCGACAGTTTGAAGAGCGCCGCGAAAAAAAGCGATGTCATCTATCTTTGCCCCGACCCTGACAGGGAAGGAGAAGCGATCGCCTGGCATATTCAGGAAATACTGAAAGACACCCTCAAAAAAGATATTCCTTTCAAACGAGTCACTTTCAACTCCATCACGAAAGAAGCTGTGCTCAAGGCCCTTGAGACTCCTAAAGACATTAATCACTCGCTGGTCGATGCTCAGCAAGCCAGGAGGCTTCTCGACAGGATCGTAGGTTACAAAATCTCCCCTATCCTCAACAAACGCATCCAAAGAGGGCGTGGAGAGGGCGTTTCTGCCGGAAGAGTGCAGTCTGTAGCCCTCAAACTGGTTGTCGACAGGGAAAAAGAGATAGAAGCGTTCGTAGCCGTCGAGTACTGGAAACTCGGAGCGCTCTTTAAGAAAGCGGAAGATGAGAAGCAGTTTAAAGCATCCCTCTTCTCCGTCGACGGAAAGAAAATCATCAAAGAATCTTCCGAAGGCGATGGTTATCAGATAGGCAACAGAGAAGCTGCTGAAGAAGTTCTCGCAAGGATGAAGGGACATCCCTACCATGTCGAAAGCGTTGAGAAAAAAGAAAAGAGACGCTTCCCCGTCCCCCCCTTCATCACGTCGACACTCCAGCAAGAGGCAAGCCGCCACTTCGGTTTTTCCTCCCAAAGAACGATGAGCATCGCGCAAAAGCTCTACGAAGGGATCGACATGGGAACGGAAGGTCAGGAAGGTTTGATCACCTACATGCGTACCGATTCGGTTCGTGTAGCGCCTGAAGCCATCTCTGAAGCACGCTCCTATATCCAGAATCAATACGGCGCCGATTATTTACCGGAAACTCCCAAATACTACACCACCAAAAAAAGCGCACAGGACGCGCACGAAGCGATCAGACCGACAAATCTTTTGCACCCACCGGAGAAGATCGAGAAATATCTGTCCAAAGAAGAATTTTTACTCTATCGCCTGATCTGGAGAAGGTTCTTAGCCTCGCAGATGATGCCCGCCGTATACGACACGATGAGCGTCGATATCGTCAACGGAAAGGGAATATTGCTGAGAGCTACCGGTTCTGTCATTAAATTCTCCGGCTTTTTAGCGGTTTACGAAGAGAAAATCGACGAAGAAGACAAAGACGAAGAAGACAGGCTTCTGCCCAAGCTTGAAGAAGGAGAAACGCTGAAGACGCTGGACTTCTTCCATGAGCAATCGTTCACAAGACCCCCTCCACGCTTTACCGAAGCATCCTTAGTCAAGGAGCTGGAAAAATCGGGCGTTGGCAGACCGTCGACTTATGCCGCTATCATGAACAAGATCCAGAGCCGCGACTATACAGTCAAAGAGAGCGGCAGGCTTAAACCCACAGAGCTCGGACGGGTGATCGCCAATCTGCTCGAGGCAAACTTCAAAGACATCATGGATATTGGCTTCACCGCCAGCATGGAAGATGACCTTGAGTCGATCGCCGAAAGCAAGCGTCCCTGGAAAGCCGTTGTGAAAGACTTCTGGCAGCGTTTCTCTCCCCAGCTGGAACTGGCCGAGAAACAGGCTTTCGTTCCTAAAATTGAAACCGATATCCCTTGTCCGCAATGCGAGAGCGGTAAACTGCAAAAAATCTGGTCGAAAAACAAATACTTCTTTGGATGTTCCAATTATCCAGAGTGCAGTTTCTCAGCTCCCGTCGAAACGATCGATTTCAAAAAGGAAGATTACGCAGAAGACTTTGACTGGGATCAAAAATGCCCACTGTGCAGTTCTGAAATGAAACTCAGACATAGCCGGTTCGGCTCATTCCTCGGCTGCAGTAAATACCCCGATTGCAAGGGGCTTGTCAATATCCCTAAGAAGGGAGAAAAAATCATCCCCGAAAGCGAACTGCCCTCCTGTCCGGCAGTCGGCTGTCCTGGAAAAATTGTCTCAAGAAAATCGCGCTTCGGCAAAATTTTCTTTTCCTGCTCAACCTTCCCGGAGTGTGATGTGATCGCCAATTCAGTCGAAGAGCTGAATGCAAAATATCAGGATCATCCGCGCACTGCCTACGTCAAAAAAGAGCGCTACCCCTCTAAAGGAAAAAAGGGAAAAGAAAAGTCGGCCAAAGAATCGAAGGCTAAAAAAACTTCCAAGGCGACTAAAGCCAAAAAAGCAGCCCCCGCCAAAGAGAAGGCAAAAAGGGCGCAGAAAGAACTGACCCTGACAGGACCTCTGAAGGATTTTTTGGCAAAAGACACGATGAGCCGCGGAGATATCACCAAAGAGGTGTGGGTCTATATCAAAGAAAAAGGGCTGCAGGACGCAAACGACAAGCGCCTGATCGTACCTGACAAGAAGTTGGCCAAGGTTTTGGGTACAGATGAGCCGGTCAACATGTTTAAACTGCCGGGCCTTTTAAACAAATATATCGGCGACAAGTAA,MGKSLIIVESPAKIKTLRKFLGANYIFESSVGHIRDLPESEFGIAIDNDFEPSYTILKDKKKVCDSLKSAAKKSDVIYLCPDPDREGEAIAWHIQEILKDTLKKDIPFKRVTFNSITKEAVLKALETPKDINHSLVDAQQARRLLDRIVGYKISPILNKRIQRGRGEGVSAGRVQSVALKLVVDREKEIEAFVAVEYWKLGALFKKAEDEKQFKASLFSVDGKKIIKESSEGDGYQIGNREAAEEVLARMKGHPYHVESVEKKEKRRFPVPPFITSTLQQEASRHFGFSSQRTMSIAQKLYEGIDMGTEGQEGLITYMRTDSVRVAPEAISEARSYIQNQYGADYLPETPKYYTTKKSAQDAHEAIRPTNLLHPPEKIEKYLSKEEFLLYRLIWRRFLASQMMPAVYDTMSVDIVNGKGILLRATGSVIKFSGFLAVYEEKIDEEDKDEEDRLLPKLEEGETLKTLDFFHEQSFTRPPPRFTEASLVKELEKSGVGRPSTYAAIMNKIQSRDYTVKESGRLKPTELGRVIANLLEANFKDIMDIGFTASMEDDLESIAESKRPWKAVVKDFWQRFSPQLELAEKQAFVPKIETDIPCPQCESGKLQKIWSKNKYFFGCSNYPECSFSAPVETIDFKKEDYAEDFDWDQKCPLCSSEMKLRHSRFGSFLGCSKYPDCKGLVNIPKKGEKIIPESELPSCPAVGCPGKIVSRKSRFGKIFFSCSTFPECDVIANSVEELNAKYQDHPRTAYVKKERYPSKGKKGKEKSAKESKAKKTSKATKAKKAAPAKEKAKRAQKELTLTGPLKDFLAKDTMSRGDITKEVWVYIKEKGLQDANDKRLIVPDKKLAKVLGTDEPVNMFKLPGLLNKYIGDK,,    CRIB 30
KU681319.1,ATGGGTAAATCTCTCGTTATTGTGGAGTCCCNTGCCAAAGCCAAGACGATTAACAAGTACTTGGGTAAGGACTTCATTGTAAAGTCAAGCGTTGGTCACGTTCGTGATTTGCCAACGGGTGCGCGTAGTACCGGCAAGAAAGCCGCTGCGACTTCAACCAAAGGGTTAAGTCCAGAAGAAAAAGCACGTATCAAGAAAGAAAAAGATCGTAAATCGCTCATCGGAAAAATGGGTGTTGACCCATATAACGACTGGGCGGCTCAGTACGAAGTGCTTCCAGGCAAAGAAAAAGTTGTCAGTGAACTTCAAAAACTCGCGAAAGACGCTGACTTCGTCTATCTCGAACCGATTTTGGACCGCGAAGGGGAAGCTATTGCGTGGCACCTTCGTGAGATCATCGGTGGCGATGATGCACGTTACAAACGAGTGGTTTTCAACGAAATCACCAAAAATGCAATTCAGCAGGCATTTGAACAGCCGGGTGAATTAAACATTGATGGTGTAAATGCCCAGCAAGCGCGTCGATTCCTTGATCGCGTAGTTGGCTTTATGGTTTCTCCACTTTTGTGGAAAAAAGTCGCTCGTGGCTTGTCAGCAGGTCGTGTTCAATCAGTAGCGGTTAAGCTAATTGTTGAGCGCGAACGTGAGATCAAAGCGTTTACACCTGAAGAGTTCTGGGATATTCACGCGAATACTCAAACTGTAGGTAGTGATGCACTGCGCTTAATGGTAACGCAGCAGGCGGGTAAAGCATTCCGTCCTGAAAACGAAACGGATGCAATGGCTGCTAAGTCTGTGCTTGATAGCGCAACTTATACCGTGGCAGATCGTGAAGATCGCCCGACAAGCAGTAAACCATCTGCACCTTACATTACGTCGACGCTACAACAAGCGGCGAGTACACGTTTAGGTTATGGCGTTAAGCGTACAATGGGCCTTGCTCAACGTTTGTATGAAGCGGGTTACATTACGTATATGCGTACTGACTCCACCAACCTTTCGAAAGAAGCGGTTGAGTCTGCACGTGAGTTCATTGCATCTGAGTACGGTGATAATTACCTACCAGAGAATGCGAATGTATACGGTAGTAAAGGCAATGCTCAAGAAGCGCACGAAGCTATTCGTCCTTCAAGTGTTGAAGTACAAGCTGAACACCTAGAAGGCATGGATCAAGACGCTGTTAAACTGTACGACCTTATTTGGCGTCAGTTTGTGGCTTGTCAGATGATGCCTGCGAAGTACGACTCAAGTACGATCACAGTATCGGCTGCAGACTTCACGCTGAAAGCGARAGGTCGCACCATGCGTTTTGCTGGTTGGACACACGTACAGCGTCCGTCTGGTAAGAATGAAGATACGACACTGCCTATGGTTCACGTTGGCGAGACATTAACGCTAACTGAACTTGAGCCTAAGCAACACTTCACCAAGCCGCCAGCACGCTTTACAGAAGNNNNNNNNNNNNNNNNNNNNNNNNNNNNNNNNNNNNNNNNNNNNNNNNNNNNNNNNNNNNNNNNNNNNNNNNNNNNNNNNNNNNNNNNNNNNNNNNNNNNNATGCGCCGTTTCTTTGCTGAGAAAATGGGTGAAATCGTCTCAGACCGTTTGGACCAGTCGTTTGCTGATCTAATGGACTTTGATTTTACCGCTCGCATGGAAGGTAACTTAGATAAAATCGCAGAAGGTGAAAAGAACTGGAAACAAGTTCTTGATCAATTCTTCAGTGACTTCACCGCAGAGCTTGAAAAAGCAGAGCTTGATGAAGGCGAAGGTGGCATGAAGCCAAACAATATCGTAGAAACCGATATTGAATGTCCGACGTGTTCACGCCCTATGGGTATTCGTACTGCATCAACAGGTGTATTCCTGGGTTGTACCGGCTATGCACTGCCACCTAAAGAGCGTTGTAAGACAACGATCAACTTAGGTGACGAAGATGGCATTATTAACGTACTTGAAGAAGACGTTGAAACGGCGGCATTACGTGCGAAGAAGCGTTGTCCTAAATGTGACACTGCAATGGATGCTTACCTAATCGACCAAGATCGTAAATTACATGTTTGTGGTAATAACCCAAGCTGTGATGGTTACATCGTAGAGAAAGGTGAGTTTGTTCTTAAAGGCTATGACGGCCCAGTTATCGAGTGTGATAAGTGTGGTTCAGACATGGAGCTTAAGAACGGCGTTCGNNNNNNNNNNNNNNNNNNNNNNNNNNNNNNNNNNNNNNNNNNNNNNNNNNNNNNNNNNNNNNNNNNNNNNNNNNNNNNNNNNNNNNNNNNNNNNNNNNNACCTGAACTGCCGTGTACGCAAGATTCAAATGCTTACTTTGTATTGCGTGATGGTGCATCTGGTCTCTTTATGGCAGCAAGTACCTTCCCTAAATCGCGCGAAACACGTGCGCCATTAGTTGAAGAGCTGGTTCGCTTTAAAGATCGTTTGTCACCGAAGTTTATTTACTTAACGGATGCTCCAACGGAAGACCCTGATGGTCGCCCGACGGTGGTTCGCTTTAGTCGAAAGACCAAAGAAAACTACGTGCGTTCAGAAGTAGATGGCAAGCCATCTGGCTGGACTGGTTTATACATTGGCG,MGKSLVIVESXAKAKTINKYLGKDFIVKSSVGHVRDLPTGARSTGKKAAATSTKGLSPEEKARIKKEKDRKSLIGKMGVDPYNDWAAQYEVLPGKEKVVSELQKLAKDADFVYLEPILDREGEAIAWHLREIIGGDDARYKRVVFNEITKNAIQQAFEQPGELNIDGVNAQQARRFLDRVVGFMVSPLLWKKVARGLSAGRVQSVAVKLIVEREREIKAFTPEEFWDIHANTQTVGSDALRLMVTQQAGKAFRPENETDAMAAKSVLDSATYTVADREDRPTSSKPSAPYITSTLQQAASTRLGYGVKRTMGLAQRLYEAGYITYMRTDSTNLSKEAVESAREFIASEYGDNYLPENANVYGSKGNAQEAHEAIRPSSVEVQAEHLEGMDQDAVKLYDLIWRQFVACQMMPAKYDSSTITVSAADFTLKAXGRTMRFAGWTHVQRPSGKNEDTTLPMVHVGETLTLTELEPKQHFTKPPARFTEXXXXXXXXXXXXXXXXXXXXXXXXXXXXXXXXXXMRRFFAEKMGEIVSDRLDQSFADLMDFDFTARMEGNLDKIAEGEKNWKQVLDQFFSDFTAELEKAELDEGEGGMKPNNIVETDIECPTCSRPMGIRTASTGVFLGCTGYALPPKERCKTTINLGDEDGIINVLEEDVETAALRAKKRCPKCDTAMDAYLIDQDRKLHVCGNNPSCDGYIVEKGEFVLKGYDGPVIECDKCGSDMELKNGVRXXXXXXXXXXXXXXXXXXXXXXXXXXXXXXXXXPELPCTQDSNAYFVLRDGASGLFMAASTFPKSRETRAPLVEELVRFKDRLSPKFIYLTDAPTEDPDGRPTVVRFSRKTKENYVRSEVDGKPSGWTGLYIG,    Photobacterium sanguinicancri,    CAIM 1827
Y10747.1,ATGAGTTTTAGGATAAATACCAATATCGCCGCTTTAACTTCTCATGCGGTAGGGGTTCAAAACAACAGAGACCTTTCAAGC,MSFRINTNIAALTSHAVGVQNNRDLSS,    Helicobacter pylori,    85P
CAJPGV010000120.1,TTCAATAAACAGTTTTTTGCTCTTCCGGATGCCCGCACTGCATCGTTAACTGAATCTGAAATCCGCGCAGTGAATGCTTACGCCATTACTGATATTACGAAGAGAACTGGTAAAAGAAATCCGCCGGTACCATTCATCACAAGCACACTCCAGGCAGAAGCTTCGCGTTTGCTAAAGATGCGTCCAGCAATTACCATGAAGATAGCACAGAGTCTGTACGAAGGTGTTGAGCTTGGTAAAGCAGGCACCGCAGGTCTCATTACGTATATGCGTACAGATTCTACAAGAGTAAGCAATGAAATCGTGGCAGATGCACGGGGCTTTATAAAGGATACGTACGGTGAAGGTTTCTTAAGCGATGCACCAAAGTACTATGAAAAGAAAAAGAATGCCGGGGTTCAGGATGCGCACGAAGCGATTCGCCCTACATCCATGGCATTCCCGCCTGAATCTGTTAAAGAGTATTTAAGCAAGCAGCAGTTCCAGGTGTATCAACTTGTGTGGAACAGGTTCCTGGCATCTCAGATGAGCCCCGCAACGATTGAAACCACTACCGTGGAGATCAGTGGAGGCAAGTTTGTATTTAAGGTCTCAGGTCAGGCAATCCTTGATAAAGGATTTCTCAGAGTATATGATGATGAGGATGTAAGCGAAGAGGATGACGAGAAGCAGGGCAGCTCTTTGCTCCCAGCAGGGTTACAGGCAGGTGACAATCTCGTATTATCTGATGTAGAGAAGAAGCAATCATCAACGAAACCGCCACCACGCTTTACTGAAAGCAGCCTGATTAAGGAGCTCGAGAAGGATGGTATTGGAAGACCAAGTACCTATGCTTCTATTATTTCAACCATTACATTCAGGCAGTATGTAACCATCCGTGAGCGAAAGCTTTATACAACTCCACGCGGAGAACGCGTAAATGAAACGCTGGTGCAGTTTTTCCCGGATATTTTTGATGTAACATTTACTGCGAAAATGGAAACTGAACTGGATTCAATTGCCAATGGTGAGCTAAGCTATGTGCAGGCGTTAAACGACTTCTATAGTCCTTTTTCCAAAACACTCGCAAAGGTTGAAAGTAAGGTAGAGAAAATCCTTTGTGAGCAGTGCGGTAATGAGATGATAATGAAGATGGGCAGATTTGGAAGATTTCTTGCCTGTTCCAATTACCCGGAATGCTCTTCGATTAAATCACTTCGTGATTACGCCCAGGAAAATCAGGAGCCAGAATATACAGGAGAAGCATGCCCGAAATGTAACGGCAGAACAGTGTATCGTACTGGTAAATTTGGTAAATTCATTGGATGCGAGAACTATCCAAAGTGTGATTATTTAAAGAATATCACGCTCAACATTCCATGTCCGAAATGCACTGTTGGTGAAGTGACTGAGAGGAAGTCAAGGCGCAATAAAGTATTCTATGGTTGCAACAGATATCCTGAATGCGATTTTACATCATGGAATAAGCCCGTCGAGGTTCCGTGCGATGAGTGCACCAGTACTTATCTTGAAGAGAAATACACTGCCAAAAAAGGGAAGTATTTGAAGTGCCCTGCATGTGGTGCGGAGAAACAGCAAGATATTGAAAAAGAGGAAGATGAATGA,FNKQFFALPDARTASLTESEIRAVNAYAITDITKRTGKRNPPVPFITSTLQAEASRLLKMRPAITMKIAQSLYEGVELGKAGTAGLITYMRTDSTRVSNEIVADARGFIKDTYGEGFLSDAPKYYEKKKNAGVQDAHEAIRPTSMAFPPESVKEYLSKQQFQVYQLVWNRFLASQMSPATIETTTVEISGGKFVFKVSGQAILDKGFLRVYDDEDVSEEDDEKQGSSLLPAGLQAGDNLVLSDVEKKQSSTKPPPRFTESSLIKELEKDGIGRPSTYASIISTITFRQYVTIRERKLYTTPRGERVNETLVQFFPDIFDVTFTAKMETELDSIANGELSYVQALNDFYSPFSKTLAKVESKVEKILCEQCGNEMIMKMGRFGRFLACSNYPECSSIKSLRDYAQENQEPEYTGEACPKCNGRTVYRTGKFGKFIGCENYPKCDYLKNITLNIPCPKCTVGEVTERKSRRNKVFYGCNRYPECDFTSWNKPVEVPCDECTSTYLEEKYTAKKGKYLKCPACGAEKQQDIEKEEDE,    uncultured bacterium,
NWVJ02000110.1,ATGGCATTATTAATAGTTGAATCACCTGCGAAAGCAAAGACAATAGGTAAATATTTGAGCAAAGAGTTCAAAGTAGCTGCATCTTTTGGCCATGTGAGAGATCTTCCAGCAAAAAATGGCTCCGTCGATCCGGATAATGATTTTGCTATAAAGTATGAAACCATTGAAAAAGCAGAAAAGTATATAAAAGAGTTAGTAAAAGCAGCAAGTAAAGCATCAGATATATATCTTGCAACAGACCCAGACAGAGAAGGAGAAGCAATGGCTTGGCATGTGATAGAGATATTAAAAGAAAAGAAAGCAATCAGTAATGAAAACAACATTTATAGAGTAGTCTTTAATGAGATAACAAAGAGAGCAGTACAAGAAGCAATAAAGAATCCACGTGAAATTAATATGGACTTAGTGCGTGCACAGCAAACACGCAGAGCTTTGGATTACCTGGTTGGATTTAGTTTGTCACCACTGTTATGGACGAAATTGTCGGGGAGCAAGTCTGCAGGGCGAGTGCAGTCTGTTGCATTAAAGCTTATATGCGAACGGGAAGATGAAATCAGTAAGTTTATAACACAGGAGTATTGGAGCATAAAGGCAGAAATGCAAAATAGCAAAGATGAGACTTTTTTTTCTATGCTAAGCCACTATGATAATAAAAAGCTAGAAAAATTTGATATTAAGAATGAAGAAGAGGCAAAGAACTTAGTCAGGGAGATTGAGTCAAGGCAGTATGCTGTAAGCACAGTAGAACGCAAGCAAGTTAAGAGAAACCCGCTTCCTCCATTTATTACTTCAAGTCTTCAGCAAGATGCAGTGAACAAGCTGTATTTTAACGTGAAAAATGTTATGCGCATAGCGCAAAATTTATATGAAGGTATCGATATTGGTGGTGAAATTGTAGGGTTGATAACTTACATGCGTACAGATGGGTTTTATATTGCAGATGAGGCTATAAACTCAATTAGAGGGTCAATTAAGTCGTTATATGGTGATAAATATTTACCACAGTCTCCTCGTAAATATGTAAAAAAGGTCAAAAATGCTCAAGAAGCACATGAAGCGATCCGGCCAACTGATATAAATAGAACACCAAATAGTATTAAGGATTATCTAACGCCAGAGCAATTTAAATTGTACGATTTAATCTGGAAAAGAACCATTGCAAGTCAAATGGAATCGGCGATTCTTGATCAAGTGGTAGTTGAAATTAGTTCTACTGATCAGAAAGTGATTCTGCGAGCAAGTGGATCAAGTATATTCTTTGATGGTTTTTATAAAGTCTATCAAGATAACATGGAAGCCGAAAATGAAGGCCTGCTACCTGCCATGAAGGAAGGGGAAGCGTGTAAGCTGATTTCAGTTGAGCCAAAACAGCATTTCACTCAGCCGCCACCTCGTTATAGTGAAGCAAGTATCGTTAAAAAAATGGAAGAAATCGGTATAGGTCGCCCGTCAACTTATGCAACAATTATTTCGGTATTACAAGATCGTGAGTATGTTTCATTAGATAACAAAAGGTTTATTCCAAGCAGCCGCGGTAAAATCGTTACTATATTTTTAGAAACTTTTTTTCAGCGTTGTGTAGAGTATGATTTCACAGCACAAATGGAAGAAAAGCTTGATTTAATCTCAAATGGACATGCAGATTGGAAAAAAGAATTGAGCCATTTTTGGGTGCCATTTTTTGGTCATGTAAACTCTGTCAAGCAAATGACGCATGATGAAGTTTTCAGCGGCATTCACGATTTGGTAATCGATTGGTTTTGTTCAGAAGAAGGAAAAAAAGAGGTGAATACGAAATGTCCTATTTGCTCTGATGGCATATTGAAATTGAACTTTGGGCGAACAGGAGTGTTCCTTGGATGTTCTAACTATCCTGAATGCAACCATACAAAAGAAATTACGGGCAGTAATGACAATTCAGAATATCCAAAAAGTTTAGGTATAGATGATATAACAGGACAAGAGGTAGTAATTAAAAAAGGTCCTTTTGGGCTTTACCTGCAGTTTAATAATGAGTCAGAAAAGAAAAAAGCGGTTTCTATACCAAAAGATATAAATGTTAATGAGATTGATCTGAGCACCGCTACTCAATTACTTTCCTTGCCGAAAGTAATCGGAGAACACCCTGAAACCGGAAAGGAAGTAAAAATAGGCCTTGGACGATTCGGGTACTATATTTTCTATGATGGTAGATACTTTTCTCTTAAGAAAAGCTCCAAAGAGGTGCTGAATACAGAATTGAGCGAAGCTGTACAAATTATTGCAAACAGTCCACGCAAAGAGTTAAAATCTCTCGGAGTTAATGAAAAAGGAAAAGAAGTTTTCATCTGCAACGGTAGGTATGGATTCTATATAAAATGCGGTAAAACAAACGTTGCTTTGGGCAAGAGTGCAGATATTGAGAGTATAGATTTGAAGAAGGCTTTAGAGTTGATTAAGAATAAAAAGTAG,MALLIVESPAKAKTIGKYLSKEFKVAASFGHVRDLPAKNGSVDPDNDFAIKYETIEKAEKYIKELVKAASKASDIYLATDPDREGEAMAWHVIEILKEKKAISNENNIYRVVFNEITKRAVQEAIKNPREINMDLVRAQQTRRALDYLVGFSLSPLLWTKLSGSKSAGRVQSVALKLICEREDEISKFITQEYWSIKAEMQNSKDETFFSMLSHYDNKKLEKFDIKNEEEAKNLVREIESRQYAVSTVERKQVKRNPLPPFITSSLQQDAVNKLYFNVKNVMRIAQNLYEGIDIGGEIVGLITYMRTDGFYIADEAINSIRGSIKSLYGDKYLPQSPRKYVKKVKNAQEAHEAIRPTDINRTPNSIKDYLTPEQFKLYDLIWKRTIASQMESAILDQVVVEISSTDQKVILRASGSSIFFDGFYKVYQDNMEAENEGLLPAMKEGEACKLISVEPKQHFTQPPPRYSEASIVKKMEEIGIGRPSTYATIISVLQDREYVSLDNKRFIPSSRGKIVTIFLETFFQRCVEYDFTAQMEEKLDLISNGHADWKKELSHFWVPFFGHVNSVKQMTHDEVFSGIHDLVIDWFCSEEGKKEVNTKCPICSDGILKLNFGRTGVFLGCSNYPECNHTKEITGSNDNSEYPKSLGIDDITGQEVVIKKGPFGLYLQFNNESEKKKAVSIPKDINVNEIDLSTATQLLSLPKVIGEHPETGKEVKIGLGRFGYYIFYDGRYFSLKKSSKEVLNTELSEAVQIIANSPRKELKSLGVNEKGKEVFICNGRYGFYIKCGKTNVALGKSADIESIDLKKALELIKNKK,    Wolbachia pipientis,    HN2016
SUEB01000338.1,ATGGACGTCGTCGTCGTCGAATCGCCGGCCAAGGCAAAGACAATCAACAAATATCTCGGCAAGAACTATCGGGTTCTGGCCTCGTTCGGCCATGTCCGCGATCTGCCGGCCAAGGATGGCTCGGTGCGCCCGGACGAGGATTTCGCCATGTCCTGGTCGGTCGACACCGCTTCCGGCAAGCGGCTCGCCGACATCGCCAAGGCGGTCAAGGACGCCGACGGCCTGATCCTCGCCACCGACCCGGACCGCGAGGGCGAGGCGATTTCCTGGCATGTGCTGGAAGTGCTGAAGCAGAAGCGCGCGCTGAAGGACAAGCCGGTGAGCCGCGTCGTCTTCAATGCCATCACCAAGGCCTCGGTGCTGGATGCGATGGCCAATCCGCGCCAGATCGACGCGCCGTTGGTCGATGCCTATCTCGCGCGCCGTGCGCTCGACTATCTGGTCGGCTTCACGTTGTCGCCGGTGCTGTGGCGCAAGCTACCCGGCGCCCGCTCGGCCGGCCGTGTGCAGTCGGTGGCGCTGCGCCTGGTCTGCGACCGCGAATTGGAGATCGAGCGCTTCATCCGCGAGGAATACTGGCAGATCGCGGCCATCCTCAACACGCCGCGCAACGACAGTTTCGAGGCACGGCTGACCGCCTTTGCCGGCAAGAAGCTGCAAAAACTCGACATCGCCAACAAGGCGCAGGCCGACGACATCAAGGCGATGCTGGAAGGGGCAAGCTTCAAGGCGCTGTCGGTCGAAGCCAAGCCCACCAAGCGCAATCCGGGCCCGCCCTTCACTACCTCGACGCTGCAGCAGGCCGCATCATCGGGCCTCGGCTTTTCGGCCACCCGCACCATGCAGGTCGCGCAGCGGCTCTATGAGGGCATGGACATCGGCGGCGAGACCGCCGGCCTGATCACCTATATGCGAACCGACGGCGTGCAGATGGCGCCGGAGGCGATCGACGCCGCCCGCGATGCCATCGTCAGCGAATTCGGTCAGAAATACCTGCCGGAAAAGCCGCGCTTCTACACGACCAAGGCCAAGAATGCCCAAGAAGCGCACGAAGCGATCCGCCCAACCGATTTCAAGCGCACGCCGGCATCTGTGCGGCAATATCTCGATGCCGACCAGGCCCGGCTGTACGAACTGATCTGGAAGCGCGCCATCGCCAGCCAGATGCAGCCGGCCGAGATCGAGCGCACCACGGTCGAGATCGAGGCGGTCAACGGCGCCCGCACCGCCGAGCTTCGCGCCGTCGGTTCGGTCATTCGCTTCGACGGCTTCATCGCCGCCTATACCGACCAGAAGGACGAGGATGCGGAGGACGAGGAAAGCCGCCGCCTGCCCGAGATCCGCGCCGGCGAGCAGCTCGCCCGCCAGGCGATCAACGCCACCCAGCACACCACNNNNNNNNNNTGGCCGCCCATCGACCTATACGGCGATCCTGAAGACGCTGGAAGATCGCGACTACGTCACCATCGACCGCCGCAAGCTGGTGCCGCAGGCCAAGGGCCGTCTGCTGTCGGCCTTCCTCGAAAGCTTCTTCGAGCGCTATGTCGAATATGATTTCACCGCCTCGCTTGAGGAAAAGCTCGACGAGATTTCCGACGGCAAGCTCGCCTGGAAGGACGTGCTGCGCGATTTCTGGAAGGATTTTTCCGGCGCAGTCGACGACATCAAGGAACTCCGCGTCACCGACGTGCTCGATGCGCTCAACGACGAACTGGCGCCGCTGGTGTTTCCTGCGCGGGAGGACGGCTCAAATCCGCGCATCTGCCCGAAATGCGGCACCGGCAACCTGTCGCTGAAGCTTGGCAAGTTCGGCGCCTTTGTCGGCTGCTCGAACTATCCCGAATGCTCCTTCACTCGCCAGCTCGGCGACGCCGCCAATCCCAATGGCGAGAACGGCAATGGCGAGGATGGTACAAGGCTGCTCGGCAAGGACCCCTACACAGCCGAGGAAATCACGCTGCGCAGCGGCCGCTTCGGCCCCTATATCCAGCGCGGAGAAGGCAAGGAGGCCAAGCGCTCCAGCCTGCCCAAGGGCTGGACGGCCGAGCAGATCGACCATGAGAAGGCGCTGGCGCTGCTGGCGCTGCCGCGCGACGTCGGCAAGCACCCGGAATCCGGCAAGATGATTTCGGCTGGCCTCGGACGCTACGGCCCATTCGTGCTGCACGAC,MDVVVVESPAKAKTINKYLGKNYRVLASFGHVRDLPAKDGSVRPDEDFAMSWSVDTASGKRLADIAKAVKDADGLILATDPDREGEAISWHVLEVLKQKRALKDKPVSRVVFNAITKASVLDAMANPRQIDAPLVDAYLARRALDYLVGFTLSPVLWRKLPGARSAGRVQSVALRLVCDRELEIERFIREEYWQIAAILNTPRNDSFEARLTAFAGKKLQKLDIANKAQADDIKAMLEGASFKALSVEAKPTKRNPGPPFTTSTLQQAASSGLGFSATRTMQVAQRLYEGMDIGGETAGLITYMRTDGVQMAPEAIDAARDAIVSEFGQKYLPEKPRFYTTKAKNAQEAHEAIRPTDFKRTPASVRQYLDADQARLYELIWKRAIASQMQPAEIERTTVEIEAVNGARTAELRAVGSVIRFDGFIAAYTDQKDEDAEDEESRRLPEIRAGEQLARQAINATQHTTXXXWPPIDLYGDPEDAGRSRLRHHRPPQAGAAGQGPSAVGLPRKLLRALCRI*FHRLA*GKARRDFRRQARLEGRAARFLEGFFRRSRRHQGTPRHRRARCAQRRTGAAGVSCAGGRLKSAHLPEMRHRQPVAEAWQVRRLCRLLELSRMLLHSPARRRRQSQWRERQWRGWYKAARQGPLHSRGNHAAQRPLRPLYPARRRQGGQALQPAQGLDGRADRP*EGAGAAGAAARRRQAPGIRQDDFGWPRTLRPIRAAR,    Mesorhizobium sp.,
SPBE01000221.1,ATGACAGAAAACCTGGTAATTGTTGAATCGCCTGCCAAGGCTAAAACCATTGAGAAATTTCTTGGAAAGGATTTTACTGTTGTTTCAAGTTTCGGGCACATACGTGATTTGTCAAAGAACAAGCTGGGCATAGAGATTGAGAAGGGTTTCAATCCGGTTTATGAGGTTCCTGCTGATAAGCAGAAAGTTGTAAATGAGTTGCGAAAACTGGCAGCAGAAGCCAAGACCGTCTGGATCGCCTCTGATGAAGATCGTGAGGGAGAAGCCATAGCCTGGCATCTGGTTGCGGTCCTTGGGCTCGATACTTCAGTAACAAGACGTATTGTCTTTCATGAAATAACCAAAGAGGCTATCACCCTGGCTGTCAAGTCACCCCGTCAGGTGGATATGAATCTTGTAAATGCCCAGCAGGCGCGCAGGGTGCTTGACAGACTTGTGGGATTTGAGATCTCTCCGGTCCTCTGGAAGAAAGTGCAGCCATCACTCTCTGCCGGCAGGGTGCAGTCTGTGGCAGTAAGGCTGCTAGTTGACCGCGAACGGGAAATAATAAGCTTCCTGTCTGATTCGGCATACAGGGTGACAGGTGTTTTCAGGGGAACCAATGATGAAGGCAAAGAGGTTATACTGAAGGCTGAGTGTCCTAAAAAATTCGGAACTGAACCTGCCGCCAGAGCTTTCCTTGAATCATGTTCTTCAGCTTCTTTTAAGGTAGAGAATATAAGTGTCAGGCCCGGTACCAGGTCTCCGGCACCGCCCTTTACCACTTCCACCCTGCAGCAGGAGGCCTACCGCAAGCTTGGCTTCTCGGTTGCGCAGACAATGTCTGTGGCACAGAAACTGTACGAGGCCGGGAAGATAACATACATGAGGACAGACTCCACAAACCTCTCAAGCCTTGCCCTCAGTGCCGCAAAAGAAGTGATCACGGCTGAATATGGCACTAAATATTCCCGCCTGCGTCAGTTTAAGACAAATACCAAAGGAGCCCAGGAAGCTCATGAAGCAATAAGACCCGCTTACTTTGACAAAAAGGAGGTTCCAGGCACCAATAACGAAAAGAAACTGTATGAGCTCATCTGGAGAAGGGCAATAGCATCTCAGATGGCTGATGCCGCGCTTGAAAAAACCATAATAACAATAGGTATTTCAGGATCAGCAGCCACATTCACCACATCTGGCGAAGTGATCCTCTTTGACGGATTCCTCAGGGTTTATACCGAGTCATATGACAATATCAGTCAGGATGATGAAAAGGCAATATTGCCGCGTGTGGTTACCGGGTTACCTCTTGTTTCGGAGAGCATATCTGCCACACAGCGATTCACTTCTCCCCCTCCCCGTTATACAGAGGCCAGCCTGGTAAAGAAACTGGAAGAACTGGGAATAGGAAGACCCTCTACCTATGCTCCCACAATATCCACAATACAGACACGTGGATATGTGGCACGCGAGGACAGGCCGGGTGAACCAAGAACAATAGCACAGCTGACCCTTGTAAAAGAAAAGATCACACGCACCGAAAAAACGGAGATAGCAGGCAAGGAGAAGTCAAAGCTCTTCCCAAAAGACATAGGAATAATTGTTAATGACTTCCTTATAAACAATTTTCCTGACATTCTTGATTACAACTTCACCGCCGGTGTTGAAAAGGAGTTTGATGAGATAGCCTCAGGTGAAATTGTGTGGGAAAAGATGATCTCAGGATTCTACGGACCATTCCATAAAGCTGTTGAAGCATCACTTGAAATCAGGGAGCGGATGACCGGGGCACGTCAGCTCGGTGATGATCCGGCAACAGGTCTCCCG,MTENLVIVESPAKAKTIEKFLGKDFTVVSSFGHIRDLSKNKLGIEIEKGFNPVYEVPADKQKVVNELRKLAAEAKTVWIASDEDREGEAIAWHLVAVLGLDTSVTRRIVFHEITKEAITLAVKSPRQVDMNLVNAQQARRVLDRLVGFEISPVLWKKVQPSLSAGRVQSVAVRLLVDREREIISFLSDSAYRVTGVFRGTNDEGKEVILKAECPKKFGTEPAARAFLESCSSASFKVENISVRPGTRSPAPPFTTSTLQQEAYRKLGFSVAQTMSVAQKLYEAGKITYMRTDSTNLSSLALSAAKEVITAEYGTKYSRLRQFKTNTKGAQEAHEAIRPAYFDKKEVPGTNNEKKLYELIWRRAIASQMADAALEKTIITIGISGSAATFTTSGEVILFDGFLRVYTESYDNISQDDEKAILPRVVTGLPLVSESISATQRFTSPPPRYTEASLVKKLEELGIGRPSTYAPTISTIQTRGYVAREDRPGEPRTIAQLTLVKEKITRTEKTEIAGKEKSKLFPKDIGIIVNDFLINNFPDILDYNFTAGVEKEFDEIASGEIVWEKMISGFYGPFHKAVEASLEIRERMTGARQLGDDPATGLP,    Bacteroidia bacterium,
RZUC01003385.1,ATGGGCAAATCGCTGGTCATCGTGGAATCCCCGGCTAAGGCCAAGACCATCAACAAGTATTTGGGCAACCAGTACGTGGTGAAGTCGAGTATCGGCCATATCCGAGACCTGCCCACCAGCGGTTCGGCGAGTGCCGCCAAAGATCCTGCCGCCAAGCGTGGCAAGGCCGCTGCGGGCGAAGGCCCGGTACTGACGCCGAAAGAAAAGGCGCAACGCCAGCTGGTCTCGCGCATGGGAGTCGATCCGGAACACGGCTGGAAAGCCAAGTACGAGATCCTCCCCGGCAAGGAAAAGGTCATCGAAGAGCTGCGCAAGCTCGCCAAGGATGCCGACACCATCTATCTCGCGACGGACTTGGACCGCGAAGGGGAAGCCATTGCCTGGCACCTGCGCGAAGCCATTGGTGGTGATGACAGCCGCTACAAGCGCGTGGTGTTCAACGAGATCACTAAGAAAGCCATTCAGGAGGCGTTTTCCAAGCCAGGCGAACTGGACATTGCCCGGGTCAATGCCCAGCAGGCGCGTCGCTTCCTCGACCGCGTCGTCGGCTACATGGTTTCCCCACTGCTCTGGCAGAAAGTTGCCCGTGGCTTGTCCGCCGGGCGCGTGCAGTCGGTTGCGGTGAAGCTGGTGGTCGAGCGCGAGCGTGAAATCCGCGCGTTCAACCCTGAAGAATACTGGGAGATCCACGCCGATCTGGGCACCGCCAAGGGCGCCAACGTGCGTTTCGAAGTAGCGCGTGAAAACGGCGAAGCGTTCAAACCGCTCAATGAAACCCAGGCCATGGCCGCTCTTGAAAAGCTCAAGGCGTCCAGCTACAGCATCGTCAAGCGTGAAGACAAGCCGACCAGCAGCAAGCCATCGGCGCCGTTCATCACCTCGACCCTGCAGCAGGCGGCGAGCAACCGTCTGGGCTTTGGCGTAAAGAAGACCATGATGATGGCCCAGCGCTTGTACGAAGCGGGCTACATCACTTACATGCGTACCGACTCGACCAACCTGTCGGCTGACGCAGTCAGCATGGCGCGTGACTACATCCAGACCGAATTCGGCAAGAAGTACCTGCCGGAGTCGCCCAACGTCTACAGCAGCAAGGAAGGCGCGCAAGAGGCTCACGAAGCGATTCGACCTTCCGACGTCAACACTCACCCGAGCAAACTGACCGGGATGGAGCGTGACGCCGAGCGTCTTTACGAGTTGATCTGGCGCCAGTTCGTGGCCTGCCAGATGCTGCCTGCGCAATACCTGTCGACCACCGTCACGGTCGCCGCCAGCGATTTCGAGCTGCGCGCCAAGGGCCGCATCCTGAAATTCGATGGTTATACCCGTGCGCTGCCGCAGATGGCCAAGCCGGGCGATGACGATGTTTTGCCGGACATGGCACAGGGCGAAACCCTGAAACTGAACAAGCTCGATCCAAGCCAGCACTTCACCAAGCCGCCTGCGCGTTACTCGGAAGCGAGTCTGGTCAAGGAGATGGAAAAGCGGGGCATTGGTCGCCCGTCGACCTACGCAGCGATCATCTCGACCATCCAGGACCGTGGCTACGTGGCGTTGCATAACCGCCGCTTCTACTCGGAAAAGATGGGCGACATCGTCACCGGACGTCTGTCCGAAAGCTTTTCCAACCTGATGGACTATGGCTTTACCGCCGGGATGGAAGAAAACCTCGACGACGTGGCTCAGGGGGAGCGCGACTGGAAAAACGTGCTGGACGAGTTCTACGGTGATTTCCGTAAAAAGCTCGACGTGGCCGAGGCCGCTGATGGCGGCATGCGCGCCAACCAGCCGGTGATGACCGACATCCCGTGCAAAGTGTGCGGCCGTCCGATGCAGATCCGTACAGCCTCGACGGGCGTTTTCCTGGGTTGCTCCGGCTACAGCCTGCCACCCAAGGAACGCTGCAAGGCGACCGTCAATCTGACTCCCGGCGACGAAATTGCCGACGATGACGAGGGTGAGTCCGAATCGCGGGTTCTGCGCGGCAAGCATCGCTGCCCGATCTGCAGCACGGCGATGGACGCCTACCTGCTGGACGAGAAGCACAAGCTGCATATTTGCGGCAACAACCCTGATTGCACTGGTTACGAGATCGAGGAAGGCACTTACCGTATCAAAGGCTATGAAGGTCCGAGCCTGGAATGTGACAAGTGTGGCAGCGAGATGCAGCTCAAGACCGGCCGTTTCGGCAAGTTCTTCGGCTGCACCAACCCGGACTGCAAGAACACCCGCAAACTGCTGAAAAGCGGTGACGCAGCGCCGCCGAAGATGGACCCGGTGAAGATGCCGGAGCTCAAGTGCGACAAGGTTGACGATACCTACATACTGCGTGATGGCGCTTCGGGCCTGTTCCTGGCCGCCAGCCAGTTCCCGAAGAATCGCGAAACCCGCGCACCGCTGGTCATCGAAATCGCCCCGCACAAGGACGAAATCGATCCCAAGTATCACTTCCTTTGCGAAGCGCCGAAGAAGGATCCGGACGGTCGTCCAGCAGTGATCCGCTACAGTCGCAAGACCAAAGAGCAATACGTCCAGACCGAAGTAGAGGGCAAGCCTACCGGCTGGCGTGCGTTCTACGACGGCAGCGCCTGGAAGGTTGAAGACAAGCGTTGA,MGKSLVIVESPAKAKTINKYLGNQYVVKSSIGHIRDLPTSGSASAAKDPAAKRGKAAAGEGPVLTPKEKAQRQLVSRMGVDPEHGWKAKYEILPGKEKVIEELRKLAKDADTIYLATDLDREGEAIAWHLREAIGGDDSRYKRVVFNEITKKAIQEAFSKPGELDIARVNAQQARRFLDRVVGYMVSPLLWQKVARGLSAGRVQSVAVKLVVEREREIRAFNPEEYWEIHADLGTAKGANVRFEVARENGEAFKPLNETQAMAALEKLKASSYSIVKREDKPTSSKPSAPFITSTLQQAASNRLGFGVKKTMMMAQRLYEAGYITYMRTDSTNLSADAVSMARDYIQTEFGKKYLPESPNVYSSKEGAQEAHEAIRPSDVNTHPSKLTGMERDAERLYELIWRQFVACQMLPAQYLSTTVTVAASDFELRAKGRILKFDGYTRALPQMAKPGDDDVLPDMAQGETLKLNKLDPSQHFTKPPARYSEASLVKEMEKRGIGRPSTYAAIISTIQDRGYVALHNRRFYSEKMGDIVTGRLSESFSNLMDYGFTAGMEENLDDVAQGERDWKNVLDEFYGDFRKKLDVAEAADGGMRANQPVMTDIPCKVCGRPMQIRTASTGVFLGCSGYSLPPKERCKATVNLTPGDEIADDDEGESESRVLRGKHRCPICSTAMDAYLLDEKHKLHICGNNPDCTGYEIEEGTYRIKGYEGPSLECDKCGSEMQLKTGRFGKFFGCTNPDCKNTRKLLKSGDAAPPKMDPVKMPELKCDKVDDTYILRDGASGLFLAASQFPKNRETRAPLVIEIAPHKDEIDPKYHFLCEAPKKDPDGRPAVIRYSRKTKEQYVQTEVEGKPTGWRAFYDGSAWKVEDKR,    Pseudomonas syringae pv. syringae,    WSPS007
RZQR01000424.1,ATCTACACCGACGCCAATGGCATGACGCTTTACACCTATGACAAGGACGAGAAGGGCAAGAGCAACTGCTACGACAAATGCGCCACCAACTGGCCGCCGCTGAAAGCCGAAGCCGGCGCCAAGGCGGATGACGAGTGGAGCGTCGTCGACCGCACCGACGGCACCAAGATGTGGGCCTATGACGGCAAGCCGGTCTACACCTTCATAAAGGACAAGAAGCCCGGCGATGTGACCGGCGACGGCGTCGGCGAAGTCTGGCATATCGTCAAGGCCGACTAA,IYTDANGMTLYTYDKDEKGKSNCYDKCATNWPPLKAEAGAKADDEWSVVDRTDGTKMWAYDGKPVYTFIKDKKPGDVTGDGVGEVWHIVKAD,    Mesorhizobium sp. M7A.F.Ca.CA.001.15.1.1,    M7A.F.Ca.CA.001.15.1.1
RFHS01000210.1,ATGGGATCCAAGCTCGTCATCGTGGAGTCGCCCGCCAAGGCCCGCACCATCGAGCGGTTCCTGGGCGGCGGCTACACCGTGAAGGCGTCGGTGGGGCACGTCCGCGACCTGCCCAAGAGCTCCTTCGGCGTGGACGAGGAGCACGGCTTCGAGCCGCAGTACGAGGTGCTGCCGGAGAAGCGGAAGGTGGTGGCGGAGCTGGAGCGCGCGGCCCGCCAGGCGGAGGCGGTCTACGTGGCCACCGACCCGGACCGCGAGGGCGAGGCGATCTGCTGGCACCTGCGCGAGCTGCTGGCGGGGACCGGCCGTCCCTTCCACCGGGTGGAGTTCCACGAGATCACCCGGCGCGCCGTGCGGGAGGCGATGGAGCGCCCGCGCGACGTGGACCTGGCCAGGGTGGACGCCCAGCAGGCGCGGCGGGTCATCGACCGGGTGATGGGGTACCGCCTGTCGCCGCTGCTGTGGGAGAAGGTCAAGCGGGGGCTCTCCGCCGGGCGGGTGCAGTCGGTGGCCCTCAAGATGATCTGCGACCGCGAGGCGGAGATCGAGGCGTTCGAGCCGGAGGAGTACTGGATCGTCCAGGCACGCGTGGTGGGCCCCGAGCCGCCGCCGTTCGTGCTGAAGCTGGCCAAGCGGGACGGGAAGGCCTGGCGTCCCGGCTCCGGGGAGGAGGCGCGGGCGGTGGAGGCGGCGATCCGGGAGAGCCGCCTCGCCGTCACGGAGGTGAAGCGGCGCACGAGCCGCAACCGCCCCAAGCCCCCCTTCATCACCTCCCAGCTCCAGCAGGAGGCGGCGCGGCGCCTGAAGCTGCCCGTCCGCCGCACCATGCAGATCGCGCAGTCGCTCTACGAGGGCGTGGACCTGGGCCCGCGGGGCCGGGTCGGCCTCATCACCTACATGCGCACCGACTCGGTGCGGGTGGCGGCGGAGGCGGTGGCCGCGGTGCGGGAGCTCATCGCCGAGCGTTGGGGGGCGGAGGCCCTGCCCGCCAAGCCCAACGCCTTCCGCTCGCGCGCGGGGGCGCAGGAGGCGCACGAGGCGATCCGCCCCACCGATCCGGCTCTGGACCCGGAGGCCGTGGCGCCGTACCTGGACCGCGACCAGCTCCGGCTGTACCGCCTCATCTGGGAGCGGTTCGTCGCGTCGCAGATGAAGCCCGCGGTGTACGACGTGACCCAGGTCTCGGTGCAGGCCGGCCCCTACACGCTGGCCGCGACGGGGCGCGTGCTCCGCGACCCGGGCTACCTGCGCGTGTGGCGGGAGGAGTCCCGGGGCGAGGAGGCGGCGCAGCTTCCCCCCGGCCTCGAGGCGGGGGTCCCCCTCGTGCTCGAGGGGGTGGAGCTCGAGCAGAAGTTCACCCAGCCGCCGCCCCGGTACACCGAGGCGACGCTGGTCAAGGCGCTGGAGGAGAACGGCATCGGGCGCCCCTCCACCTACGCCACCATCCTCGCCACCCTCTCCACCCGCGACTACGTGGTGCGCGAGAAGGGGACGTTCCGGCCCACCACCCTGGGCCGTCTCGTCAACCGCCTGCTCACCTCCTCCTTCGGGGAGCTGATCAACGAGAGGTACACCGCGGCGCTGGAGAGCGAGCTGGACCGCGTCGCCGCCGGCGAGGAGCCGTGGCGGGAGGTGGTGCGGCGGTTCGCGGACGCCTTCTACCGCGACCTCGAGCGGGCGCGCCAGGAGATGGAGCAGGTGAAGGGCAAGGGGCTGCCCACCGACGAGCGGTGCCCCGAGTGCGGGCGCGAGCTGGTGCTCAAGTTCGGGCGCTACGGGGAGTTCCTGGCCTGCTCCGGCTACCCGGAGTGCCGCTACACGCGCGACGTGGGGGCGGCGGCCGGGGCGGAGGAGCCGCCGGAGGGCGAGGCGCCGCAGTGCCCCGAGTGCGGTGCGCCCATGGTCCAGAAGCGGTCCCGGTTCGGACCGTTCTGGGCCTGCACCCGCTACCCGGACTGCCGCGGCACGCGCCGCATCGGCGGCGGCGCGCGCCAGGCCCCCAAGGGGACCGGCGTCACGTGCCCCGTGGAGGGGTGCGGGGGCGAGCTCATGGAGCGCCGGTCCCGGCGCGGCCGGGTGTTCTACGGTTGCGGCAGGTATCCCAAGTGCGACTTCACCATGTGGGACCCGCCGGTGGCCAGCGCCTGCCCCGAGTGCGGCTTCCCCGTCCGGGGCGTCAAGGTGACCAAGCGGCGCGGGCG,MGSKLVIVESPAKARTIERFLGGGYTVKASVGHVRDLPKSSFGVDEEHGFEPQYEVLPEKRKVVAELERAARQAEAVYVATDPDREGEAICWHLRELLAGTGRPFHRVEFHEITRRAVREAMERPRDVDLARVDAQQARRVIDRVMGYRLSPLLWEKVKRGLSAGRVQSVALKMICDREAEIEAFEPEEYWIVQARVVGPEPPPFVLKLAKRDGKAWRPGSGEEARAVEAAIRESRLAVTEVKRRTSRNRPKPPFITSQLQQEAARRLKLPVRRTMQIAQSLYEGVDLGPRGRVGLITYMRTDSVRVAAEAVAAVRELIAERWGAEALPAKPNAFRSRAGAQEAHEAIRPTDPALDPEAVAPYLDRDQLRLYRLIWERFVASQMKPAVYDVTQVSVQAGPYTLAATGRVLRDPGYLRVWREESRGEEAAQLPPGLEAGVPLVLEGVELEQKFTQPPPRYTEATLVKALEENGIGRPSTYATILATLSTRDYVVREKGTFRPTTLGRLVNRLLTSSFGELINERYTAALESELDRVAAGEEPWREVVRRFADAFYRDLERARQEMEQVKGKGLPTDERCPECGRELVLKFGRYGEFLACSGYPECRYTRDVGAAAGAEEPPEGEAPQCPECGAPMVQKRSRFGPFWACTRYPDCRGTRRIGGGARQAPKGTGVTCPVEGCGGELMERRSRRGRVFYGCGRYPKCDFTMWDPPVASACPECGFPVRGVKVTKRRGR,    Deltaproteobacteria bacterium,
QYCW01000104.1,GGTTATATACTAAGTACCCTATCTTTAAAAAAGTACAATTATCAAGTATTAAACATATTTAAAAAGTACAAATGCCAAGTTAAAACTTTAATAAGTTATATAGTGAGACAGGTATATTTTTTAAAAAGTACAAATACCAATAAAAAAAAGGCTCAAAGAGCCTTTAAAAGTACAATTACCAAGTTAATTTTTGAATTTAATATTACCTAG,GYILSTLSLKKYNYQVLNIFKKYKCQVKTLISYIVRQVYFLKSTNTNKKKAQRAFKSTITKLIFEFNIT,    Acinetobacter baumannii,    MC29
CWPL01000453.1,TTGCTGAGCGTTTGCCAGAAAAATACCAGTAGGATGGCGGTTTACCAAGAGGGTAAATGGTTGGTCACGGATAAACGCAAAAACGCGAAATAA,MLSVCQKNTSRMAVYQEGKWLVTDKRKNAK,    Vibrio cholerae,    4660
CKMO01000232.1,ATGGAAGGTAAACTGGATGATGTCGAAGTTGGAAAAGAGCAGTGGCGACGGGTCATTGATGCCTTTTACAAACCATTCTCTAAAGAAGTTGCCAAGGCTGAAGAAGAAATGGAAAAAATCCAGATTAAGGATGAACCAGCTGGATTTGACTGTGAAGTGTGTGGCAGTCCAATGGTCATTAAACTTGGTCGTTTTGGTAAATTCTACGCTTGTAGCAATTTCCCAGATTGCCGTCATACCCAAGCAATCGTGAAAGAGATTGGTGTTGAGTGTCCAAGCTGTCATCAGGGACAAATTATTGAGCGAAAAACCAAGCGTAATCGCCTCTTCTATGGTTGCAATCGCTATCCAGAATGTGAATTTACCTCTTGGGACAAGCCTGTTGGTCGTGACTGTCCAAAATGTGGCAACTTCCTCATGGAGAAAAAAGTCCGTGGTGGTGGCAAGCAGGTTGTTTGTAGCAAAGGCGACTACGAGGAAGAAAAGATTAAATAA,MEGKLDDVEVGKEQWRRVIDAFYKPFSKEVAKAEEEMEKIQIKDEPAGFDCEVCGSPMVIKLGRFGKFYACSNFPDCRHTQAIVKEIGVECPSCHQGQIIERKTKRNRLFYGCNRYPECEFTSWDKPVGRDCPKCGNFLMEKKVRGGGKQVVCSKGDYEEEKIK,    Streptococcus pneumoniae,    SMRU533
KC514619.1,ATGGCAAAATCTTTAATAATCGTCGAATCTCCGGCAAAAATTAAAACTCTAAAAAAGTTTTTAGGGCCTAACTACATCTTTGAGTCCTCGCTTGGACACGTTCGAGATTTACCAGAAAAAGAATTCGGAATAGACGTCGAGCATGATTTTGAACCGACCTATATCACCATGCCCAATAAAGATGAGGTCATTAAGCGCTTAAAACAAGCCGCGAAACAGTGCGATACCGTATATCTTTCCCCTGACCCTGACCGTGAAGGAGAAGCCATTGCATGGCATATCAGCCAAATTTTACCCCCTAAAACCAACATAAAACGCGTGTCTTTTAATTCAATTACAAAAGATGCGGTGATAAAAGCTCTCGGGCAACCCCGAGATATTGATGAAGCTTTAGTCAATGCTCAACAAGCCAGACGTCTTTTAGATAGAATTGTAGGCTATAAAATTTCTCCTTTACTCAATCGACGTATCCAGAGAGGTCGTGAAGGTTTTGTATCTGCTGGACGTGTACAATCTGTGGCTTTAAAATTAGTCGTCGACCGTGAAAAAGAAATAGCTGCTTTTAAACCTGTAGAATACTGGAATATTGGTGCCATCCTTAAAACAGAAACTGAAGAGCGGCAATTCAAGGCCAATCTTTACTCTATCGATGGAAATAGAGTGGAAAAAGAACCAGTGGAAGGTAAGAATTTTGCCATTATCAATAATAAAGAAGCAGCCGACGCAGTTTTAGCTCGCATGCAAAACAAGCCTTATAAGGTTGCTAGCGTAGAAAGAAAAGAGAAGCGTCGCAACCCTGTTCCTCCTTTCATTACTTCTACACTCCAACAAGAGGCTAGCCGTCACTATGGTTTTTCATCTGCTAGAACGATGAACATTGCCCAAGGACTCTATGAAGGAATTGATATGGGTAACGAGGGAGCCGAAGGTCTTATTACCTATATGCGTACAGACTCATCCCGTATTGCTGAAGAAGCTTTAGGACCTACTAGAGAATTTATTCTACAAAAATATGGGAAAGACTATCTACCTCCTGAAGCAAAACAATATGCTGTACAAAAAAATGCACAAGACGCCCACGAGGCCATCCGTCCAACGAATTTTATGCACGAACCTGAAAAAATTGAAGCTTACTTAACACGCGAACAGTTTATGTTATATCAGCTCATTTGGCGTCGCTACATATCTTCGCAAATGATGCCAGCCATTTATGACACTGTGTCTGCAGATATAACTGTCGATGATGAGATCGTCCTCAGGGCTACAGGCTCCGTGATTAAATTTTCAGGGTTTTTAGCTGTTTATGAAGAGAAGAATGATGACGATGACAAAGATGATGACAGCCGACAGTTACCCAATTTGCAAGAGGGACAATCCTTAGAACTTCTTCAATTAACTTCCGAGCAAGCCTTTACACGTCCTCCTCCACGCTACACGGAAGCATCGCTTGTAAAAGAATTAGAAAGATCCGGTATTGGACGACCTTCGACTTACGCCACCATCATGAATAAAATTCAAAGCCGCGACTATACCATTAAAGAAAGCGGTCGATTAAAACCGACTGAACTAGGTTTTGTCATTGCCCAAATGCTAGAAACCAGCTTCCAGAAAATTATGAACATTGGCTTTACTGCTCAAATGGAAGATGATTTAGAGCTAATTGCAGAAAACCGCAAAGATTGGAAAGCTCTTTTGCGTGAATTTTGGAGTGAATTTTTACCCACTGTTGAGATCGCCGAAAAAGAAGCCTTTGTCCCTAAAATCCAAACAGATATCGATTGTCCCAAGTGTGGAGCTAAGCTTCAAAAAATATGGTTCAAGTCTAAATATTTCTACGGATGCTCTCGTTATCCTGATTGCGATTATACGGCACAGGCAGAAGAGATTGCCTTTAATAAAGACGACTATGCAGAAGACTTTAATTGGGAACAGCCTTGCCCACAATGCAATAGTGCTATGAAAGTTCGCCATGGACGTTTTGGAGCCTTTTTAGGATGCACAAATTATCCTGAATGCAAGGGAATCGTGAATATCCCTAAAAAGGGAGAAGTTGTCATTCCTCAAGAAGACATGCCTAAATGTCCTGCTATAGGTTGTGAAGGACATATGGTTGCACGTAAATCCCGTTTCGGAAAAACATTTTATAGCTGTTCTACTTATCCCGAATGCGATGTGATTGTTAACGATCTATCTCAACTAGACAGCAAATATCCCAATCATCCCCGGACTGCTTATATCAAAAAAGCCAAAAAGGGTCGTAAGGGAGCTAGTGAGGAAAAATCTTCAAAAACAACTAGTAAAAAAACATCAAGTAAAAAGGCTGCGAAAAAAAATTCTACAGATACAAAGAAAAAGACACGCACTCAACCTTCGGTTAAAGTTTCAAAAGATCTAGAAAACATTGTGGGTGCCGCTGAAATGACCCGCGGAGAGATCATCAAGAAGCTGTGGGATTATATCAAGGAACATAAATTACAAGATGCAAATAATAAGCGCCTCATCACCCCTGACGCAGCTTTAGCTAAACTATTTGGCAGTCAAGAATCCTTAGATATGATGAAACTGGCGGGCGTTGTGAATAAACATATCCAGAAGTAG,MAKSLIIVESPAKIKTLKKFLGPNYIFESSLGHVRDLPEKEFGIDVEHDFEPTYITMPNKDEVIKRLKQAAKQCDTVYLSPDPDREGEAIAWHISQILPPKTNIKRVSFNSITKDAVIKALGQPRDIDEALVNAQQARRLLDRIVGYKISPLLNRRIQRGREGFVSAGRVQSVALKLVVDREKEIAAFKPVEYWNIGAILKTETEERQFKANLYSIDGNRVEKEPVEGKNFAIINNKEAADAVLARMQNKPYKVASVERKEKRRNPVPPFITSTLQQEASRHYGFSSARTMNIAQGLYEGIDMGNEGAEGLITYMRTDSSRIAEEALGPTREFILQKYGKDYLPPEAKQYAVQKNAQDAHEAIRPTNFMHEPEKIEAYLTREQFMLYQLIWRRYISSQMMPAIYDTVSADITVDDEIVLRATGSVIKFSGFLAVYEEKNDDDDKDDDSRQLPNLQEGQSLELLQLTSEQAFTRPPPRYTEASLVKELERSGIGRPSTYATIMNKIQSRDYTIKESGRLKPTELGFVIAQMLETSFQKIMNIGFTAQMEDDLELIAENRKDWKALLREFWSEFLPTVEIAEKEAFVPKIQTDIDCPKCGAKLQKIWFKSKYFYGCSRYPDCDYTAQAEEIAFNKDDYAEDFNWEQPCPQCNSAMKVRHGRFGAFLGCTNYPECKGIVNIPKKGEVVIPQEDMPKCPAIGCEGHMVARKSRFGKTFYSCSTYPECDVIVNDLSQLDSKYPNHPRTAYIKKAKKGRKGASEEKSSKTTSKKTSSKKAAKKNSTDTKKKTRTQPSVKVSKDLENIVGAAEMTRGEIIKKLWDYIKEHKLQDANNKRLITPDAALAKLFGSQESLDMMKLAGVVNKHIQK,    Neochlamydia hartmannellae,
KC514608.1,ATGGGTAAAGCGCTGATCATCGTCGAGTCACCCGCCAAAATTAAAACGCTTAAGAAATTCTTGGGCCCGAATTATATCTTTGAATCATCCATTGGTCATGTTCGCGATTTACCAGAAAGGGAGTTTGGAATCGATATCGAGCACGACTTTGAGCCCAAGTATACGATTATGCCCAATAAGGAAGAGGTGATCGCTAAACTGCGCAAGGCCGCTAAAGAATGCGATGTCGTTTACCTCTCTCCCGACCCGGACCGCGAAGGAGAAGCAATCGCTTGGCACATCACGCAAGTTTTGCCTGCCGATACGAATATTAAACGGGTATCCTTCAATTCCATCACCAAAGATGCCGTAGTCAAAGCATTGGAAAATCCACGCGCCATCGATACGGCTTTAGTCAATGCACAGCAGGCGCGCCGCCTGTTAGACCGGATCGTCGGCTACAAAATTTCTCCCCTTCTCAACCGCCGTATTCAAAGAGGAAAAGAAAATTTCTTATCGGCCGGCAGAGTCCAATCAGTCGCCTTAAAATTGGTGGTCGAGCGCGAAAAAGAAATCGAAGCCTTCAAACCTGTTGAATATTGGAATTTAGGAGCGATCTTAAAAACGAGCAAGGAAGATCGCCTCTTCAAAGCGGCGCTTTACTCAGTCGATGGTAAACGCTTCGAAAAAGAGGCCATCGAGGGAAAAGACGTCACCCTGATTAGCCATAAAGAGGCGGCCGATGCTATTTTAGAACGAATGAAGCCAGGCCCCTATCAAGTAATGAAGGTAGAGCGTAAAGAAAAAAGGCGTTTCCCGGTTCCCCCCTTCATCACATCGACACTGCAACAAGAAGCGAGCCGCCATTATGGTTTTTCTTCGGCTCGCACAATGAATATTGCTCAAGGTCTGTATGAAGGTATCGATCTTGGTACTGAAGGGGCAGAGGGTTTGATCACCTATATGCGTACCGATTCTGTCCGTATTGCCCCAGAGGCCATTCAGGAAGCCCGGGAATTTATTCAAAAGCAATATGGCAAAGACTTTATTCCATCAGAACCCAAACAGTATAGCACCCAGAAAAGTGCTCAAGATGCGCACGAAGCGATTCGTCCGACGAGCTTATTAAATACACCGGAAAAAATTCAGCCTTATCTAACCAAAGAGCAATTTTCGCTCTATCAATTGATTTGGCGTCGCTTTTTAGCTTCTCAAATGGTTGCGGCTATTTACGATACCGTAGCTGCCGATATTCTAGCCGGAAAAGGAATCCTGCTGCGTGCGACAGGCTCTATTATCAAGTTCCAAGGCTTTTTGGCAGTCTACGAAGAAAAGCATGATGACGATGAAAAAGACGATGAAAACCGCATGCTGCCGCTTCTCGAAGAGGGACAACCCCTGCTCATGCAAGAGCTAACGGCCGAGCAAGCTTTTACACGCCCGCCTCCCCGCTACACCGAGGCCTCATTGGTCAAAGAACTTGAGAAATCGGGCATTGGACGACCATCGACCTATGCAACGATCATGAACAAGATTCAGAGCCGTGAATATACGATTAAGGAAAATGGCCGGCTTAAGCCGACCGAACTTGGCCAGATCATTGCACAAATGCTAGAAGCAAGCTTCCAACAAATCATGAACATTGGCTTTACCGCTTCTATGGAAGACGACCTAGAACGCGTTGCCGAAAACATGAAAGATTGGAAAGCGCTCATTCGCGACTTTTGGGCCCAGTTCAATCCAACCTTGGAAACGGCTCTAAAAGAAGCCTTTGTTCCCAAAGTCATGACTGAAATTGAATGCCCCAAGTGCAAAACAGGCAAACTTCAAAAAATTTGGGCGCGCTCAAAATACTTCTTCGGCTGTTCGCGCTATCCTGAGTGTGACTATTCAGCACCCGTCGAAGAGGTCACCTTTAATCGTGATGATTACGCGACCGATTTTGACTGGGACCAACGCTGTCCCGTTTGTGAATCTGAAATGAAAATTCGCCATGGGCGCTATGGAGCTTTTCTTGGATGTACCCGCTATCCTGAATGCAAAGGGATTGTCAACATTCCCAAAAAAGGAGAAACAGCGATCTCGCAGCAAGATCTTCCAGCTTGTCCAGCCATTGACTGCCCTGGCCACATGGTGGCACGCAAATCGCGCTTTGGCAAGCTCTTTTATTCTTGCTCCACTTTCCCTGAATGTGACGTCATCGTCAATAATTTAGAGCAGCTGGAAAGCAAGTATCCAAACCATCCACGCACGCCTTTCCAGAAAAAAGAGAAGAAAGGCAAGAAAGGAGCGGCTGCTAAAGCCAAAGAAGCGCCCAAAACCAAAGCGAAAAAAGGGAAAGTGGCTGCTAAAGCTACCAAAGCTGCACTAAGCGACAAACCTAAAAAAGAGCGTCAAATGCCGGCTTATCCGATCACGCCTGAGCTTGCGGCTGTCGTCGGGGTAACGGAAATTTCACGCACTGAGATGACTAAAAAAGTGTGGGATTACATTAAGGCTCACCAACTGCAAGATGCCAACAATAAGCGCCTCATTGTGCCAGACGAGACATTAGCTAAGGTCTTTGGAACAAAAGAACCGGTCGACATGTTTAAAATGGCAGCCCTTCTCAATCCCCATCTAAAAAAGTAA,MGKALIIVESPAKIKTLKKFLGPNYIFESSIGHVRDLPEREFGIDIEHDFEPKYTIMPNKEEVIAKLRKAAKECDVVYLSPDPDREGEAIAWHITQVLPADTNIKRVSFNSITKDAVVKALENPRAIDTALVNAQQARRLLDRIVGYKISPLLNRRIQRGKENFLSAGRVQSVALKLVVEREKEIEAFKPVEYWNLGAILKTSKEDRLFKAALYSVDGKRFEKEAIEGKDVTLISHKEAADAILERMKPGPYQVMKVERKEKRRFPVPPFITSTLQQEASRHYGFSSARTMNIAQGLYEGIDLGTEGAEGLITYMRTDSVRIAPEAIQEAREFIQKQYGKDFIPSEPKQYSTQKSAQDAHEAIRPTSLLNTPEKIQPYLTKEQFSLYQLIWRRFLASQMVAAIYDTVAADILAGKGILLRATGSIIKFQGFLAVYEEKHDDDEKDDENRMLPLLEEGQPLLMQELTAEQAFTRPPPRYTEASLVKELEKSGIGRPSTYATIMNKIQSREYTIKENGRLKPTELGQIIAQMLEASFQQIMNIGFTASMEDDLERVAENMKDWKALIRDFWAQFNPTLETALKEAFVPKVMTEIECPKCKTGKLQKIWARSKYFFGCSRYPECDYSAPVEEVTFNRDDYATDFDWDQRCPVCESEMKIRHGRYGAFLGCTRYPECKGIVNIPKKGETAISQQDLPACPAIDCPGHMVARKSRFGKLFYSCSTFPECDVIVNNLEQLESKYPNHPRTPFQKKEKKGKKGAAAKAKEAPKTKAKKGKVAAKATKAALSDKPKKERQMPAYPITPELAAVVGVTEISRTEMTKKVWDYIKAHQLQDANNKRLIVPDETLAKVFGTKEPVDMFKMAALLNPHLKK,    Candidatus Protochlamydia naegleriophila,    KNIC
JN201881.1,ATGGGAAAATCGCTGATTATTGTCGAATCCCCAGCTAAAATAAAAACTTTAAAGAAATTTCTCGGCGCAGATTATCTTTTTGAGTCTTCGGTCGGGCATGTTCGCGATCTTCCGGAAAGGGAATTTGGAATTGACATTGAGCACAATTTCACTCCCCACTATGTCATCATGCCGGATAAAACCAAAGTCATTGCCACGCTAAAAGCCGCCGCCAAAAATTGCGATGTCATCTTCCTTTGTCCCGACCCTGATAGAGAGGGTGAGGCTATTGCTTGGCACATTCAAGAAATTCTAAAAAGCGAACTTGCTAAGAAGGCCCTTGTCTTTAAACGGGTCACATTCAACTCCATTACAAAAGAAGCTGTGGCGAAAGCCCTAAAAGAACCTCGGGAAATTGATTTAGCGCTCGTCGATGCCCAGCAAGCAAGACGTCTATTGGACAGAATTGTAGGCTATAAAATATCCCCGATCCTTAATCGCAGAATTCAAAGAGGAAAAGGCGAATCTGTATCAGCTGGCCGTGTTCAATCGGTAGCTCTTAAGCTTGTCGTCGAAAGGGAAAAAGAAATTGAAGCCTTTAAACCGGTAGAATACTGGAAGATTGAAGCCCACTTCAAAAAAGAAGACGATGAGAAAGTATTTAAAGCCTACCTCTATTCTGTCGATGGAAAAAGAGTTGCTAAAGAAGAAGAGGAAGGAAAAGATTTAATCACAATCGGGGATAAAGACACCGCTTTTGAAATTGCAAAAAGAATTGAAAACGGAAAATTTAAAGTTGAGTCTTTGGAGAGAAAAGAAAAAAGACGGTTTCCCGTTCCCCCTTTTATCACTTCAACTTTGCAGCAAGAAGCAAGCCGCCACTTTGGATTTTCCTCTGCCCGAACCATGAGCATCGCGCAAAAACTTTATGAAGGAATTGATCTTGGAAAAGAAGGACCGGAAGGTCTTATCACCTATATGAGAACGGACTCGACAAGAGTTGCGCCTGAGGCCATTAGCGAAGCTAGAAGTTTTATCAGCAAAACCTACGGCAGCGAGTTTATTCCGGAGACGCCAAAATTTTATTCGACCAAAAAAAGCGCTCAAGACGCTCACGAAGCTATAAGACCTGCCAACTTGCAGCATGCGCCTGAAAAATTAGAGCCTTATTTGACAAAAGAGGAATTTCTTCTCTATCAACTTATTTGGAGACGTTTTTTAGCCTCTCAAATGATGCCGGCAGTTTACGATACTCTTGCAGTTGATATTGTCGATGGAAAAGGCATTAAATTAAGAGCGAATGGCTCTATCATTAAATTCCAGGGTTTTCTTGTTCTCTACGAGGAAAAATTTGACGAAGAGAATAAAGATGATGAAGCCAAAATTCTTCCTCCCCTGGAAGTGGAAGATCTTTTAAAACTTTTAGAGGCTACAAGCGAGCAGGCCTTTACAAGACCTCCACCAAGGTTTACAGAGGCTTCGCTTATCAAAGAGCTTGAAAAATCAGGAATCGGACGGCCTTCTACCTACGCCGCTATCATGAATAAAATCCAAAGCCGGGACTATACAGTCAAAGAAAGCGGCAGGTTAAAGCCGACAGAAATCGGCCGTGTGATAGCACAGCTACTCGAAGCTAACTTTACAGAAATTATGAATGTCGGCTTTACAGCTGCCATGGAAGATGATCTTGAGCTTATCGCAGAAAACAAGAAAGACTGGAAAAAACTCATAAATGATTTTTGGGATAAATTCTTTCCGGTGCTTGAAACGGCTGAAAAGCAAGCTTTCGTTCCAAAGATAGAGACTGATATTCCCTGTCCTAGTTGCAAAACAGGCAAATTGCAAAAAGTATGGTTTAAAAATAAGTACTTCTTTGGCTGCACAAATTATCCGGACTGCACTTATTCAGCTCCAGTTGAAGAGATCACTTTTAGAAAAGAAGATTACAGCGAGAATTTTAACTGGGAGCAACTTTGTCCGGATTGCGGGTCTCCCATGAAGGTAAGGCATGGTCGTTTTGGAGCTTTTCTTGGCTGCAGCAGATACCCTGATTGCAAGGGAATTGTGAATATCCCCAAAAAAGGCGAAGAATTAGTTCCCGAAAGCGAGCTTCCCCCTTGCCCTGCCATAGGGTGCACAGGTAAAATTGTACAAAGAAGATCCCGATTCGGAAAAATGTTTTTCTCCTGTTCAACTTTCCCTGATTGCGACGTGATTGGAAATACTTTAGAAGAATTGGAAACCAAATACCAAAATCATGAAAGAAAAGCGTACGTCAGCAAAAGAAAGAAAAAAACAGCGCCCGTAAAGGCGTCAGCCAAAAAACCAGCGAAATCTGCAAAAACCGCCAAAAAAGCAAAAGCTCCTGCAAAAAAGACCGCAAAAAAAAGAGAAATGCCTAAATTTAATGTCAGCAAAGAACTTGAAGCGATTGTCAAAGAAAAAGAATTGAGCTTTGGGGATGCGACTAAAAAAGTTTGGGAATATATTAAGGATAAGGATTTGCAGGACAAAAACGATAAGAGAAGCATCAATCCCGACAAAACGCTTTCAAAAGTTTTGGGAAGCTCTGATTCTATCAATATGTTAAAATTAGGCGCCCATCTTAAAAAACACCTAACCAAAAAAGAAGAAGGATAA,MGKSLIIVESPAKIKTLKKFLGADYLFESSVGHVRDLPEREFGIDIEHNFTPHYVIMPDKTKVIATLKAAAKNCDVIFLCPDPDREGEAIAWHIQEILKSELAKKALVFKRVTFNSITKEAVAKALKEPREIDLALVDAQQARRLLDRIVGYKISPILNRRIQRGKGESVSAGRVQSVALKLVVEREKEIEAFKPVEYWKIEAHFKKEDDEKVFKAYLYSVDGKRVAKEEEEGKDLITIGDKDTAFEIAKRIENGKFKVESLERKEKRRFPVPPFITSTLQQEASRHFGFSSARTMSIAQKLYEGIDLGKEGPEGLITYMRTDSTRVAPEAISEARSFISKTYGSEFIPETPKFYSTKKSAQDAHEAIRPANLQHAPEKLEPYLTKEEFLLYQLIWRRFLASQMMPAVYDTLAVDIVDGKGIKLRANGSIIKFQGFLVLYEEKFDEENKDDEAKILPPLEVEDLLKLLEATSEQAFTRPPPRFTEASLIKELEKSGIGRPSTYAAIMNKIQSRDYTVKESGRLKPTEIGRVIAQLLEANFTEIMNVGFTAAMEDDLELIAENKKDWKKLINDFWDKFFPVLETAEKQAFVPKIETDIPCPSCKTGKLQKVWFKNKYFFGCTNYPDCTYSAPVEEITFRKEDYSENFNWEQLCPDCGSPMKVRHGRFGAFLGCSRYPDCKGIVNIPKKGEELVPESELPPCPAIGCTGKIVQRRSRFGKMFFSCSTFPDCDVIGNTLEELETKYQNHERKAYVSKRKKKTAPVKASAKKPAKSAKTAKKAKAPAKKTAKKREMPKFNVSKELEAIVKEKELSFGDATKKVWEYIKDKDLQDKNDKRSINPDKTLSKVLGSSDSINMLKLGAHLKKHLTKKEEG,    Criblamydia sequanensis CRIB-18,    CRIB-18
